id,first_name,last_name,email,gender,ip_address
1,Maure,Adlem,madlem0@mysql.com,Female,200.38.99.5
2,Thane,Sabben,tsabben1@vkontakte.ru,Male,120.246.138.152
3,Neal,Torel,ntorel2@comcast.net,Male,231.32.143.104
4,Cart,Leyman,cleyman3@yelp.com,Male,237.219.64.217
5,Livy,Robjant,lrobjant4@baidu.com,Female,178.140.242.180
6,Frederic,Reijmers,freijmers5@alibaba.com,Male,212.11.0.234
7,Sidonnie,Martygin,smartygin6@fc2.com,Female,35.185.145.44
8,Veronika,Prendeville,vprendeville7@europa.eu,Female,246.224.250.26
9,Kile,Schieferstein,kschieferstein8@tamu.edu,Male,213.233.85.133
10,Marcelia,Capes,mcapes9@mysql.com,Female,64.200.230.226
11,Corabel,Kilday,ckildaya@surveymonkey.com,Female,212.59.176.104
12,Carce,De Giorgio,cdegiorgiob@nytimes.com,Male,188.113.69.106
13,Veriee,Desorts,vdesortsc@rambler.ru,Female,143.24.129.76
14,Olympia,Raigatt,oraigattd@fc2.com,Female,165.226.125.76
15,Natty,Oattes,noattese@unblog.fr,Male,27.72.173.131
16,Tessa,Kondratyuk,tkondratyukf@nymag.com,Female,178.182.5.220
17,Waldon,Evert,wevertg@pbs.org,Male,189.230.57.57
18,Gabie,Lifsey,glifseyh@amazon.de,Male,93.246.152.244
19,Rowland,Thurske,rthurskei@census.gov,Male,171.233.116.66
20,Travus,Honnicott,thonnicottj@comcast.net,Male,226.182.214.1
21,Reginauld,Brickdale,rbrickdalek@w3.org,Male,212.179.86.180
22,Jobina,Carnduff,jcarnduffl@pinterest.com,Female,77.138.131.95
23,Pate,Deme,pdemem@netscape.com,Male,131.169.252.129
24,Franzen,Hartlebury,fhartleburyn@yellowbook.com,Male,0.46.65.14
25,Granville,Chamberlain,gchamberlaino@sourceforge.net,Male,211.17.246.74
26,Lelah,Bridges,lbridgesp@abc.net.au,Female,62.162.4.102
27,Anica,Frantz,afrantzq@va.gov,Female,52.68.91.205
28,Belinda,Bisiker,bbisikerr@tumblr.com,Female,163.107.71.213
29,Sonny,Bullough,sbulloughs@disqus.com,Female,239.17.199.131
30,Melina,Hethron,mhethront@imageshack.us,Female,164.252.60.128
31,Nolly,Dorwood,ndorwoodu@pagesperso-orange.fr,Male,229.174.140.109
32,Hinze,Mulholland,hmulhollandv@hostgator.com,Male,28.206.17.231
33,Elizabet,Gibbeson,egibbesonw@cdc.gov,Female,54.143.254.190
34,Stacie,Schulter,sschulterx@addthis.com,Female,35.4.58.178
35,Elysee,Glasspoole,eglasspooley@bloglines.com,Female,201.106.242.198
36,Kathie,Blewis,kblewisz@gizmodo.com,Female,242.59.220.236
37,Estrellita,Cristobal,ecristobal10@weibo.com,Female,172.15.246.255
38,Ag,Tuxell,atuxell11@omniture.com,Female,15.171.45.234
39,Wilhelmina,Dewer,wdewer12@moonfruit.com,Female,166.210.241.102
40,Dudley,Duchart,dduchart13@google.com,Male,245.221.153.139
41,Marci,Ascough,mascough14@pcworld.com,Female,50.196.19.236
42,Cam,Mewes,cmewes15@netvibes.com,Male,7.194.75.141
43,Marget,Reedman,mreedman16@cornell.edu,Female,190.69.215.41
44,Chlo,McGowan,cmcgowan17@foxnews.com,Female,1.193.92.226
45,Lockwood,Collomosse,lcollomosse18@java.com,Male,110.208.60.205
46,Bordie,Ferneley,bferneley19@blinklist.com,Male,60.150.27.247
47,Ariadne,Heath,aheath1a@answers.com,Female,27.91.236.169
48,Josias,Isack,jisack1b@is.gd,Male,7.101.163.97
49,Gan,Kerr,gkerr1c@imdb.com,Male,84.143.236.252
50,Edithe,Danilchik,edanilchik1d@unblog.fr,Female,246.6.31.121
51,Brook,Dursley,bdursley1e@e-recht24.de,Male,53.12.203.241
52,Brook,Fullagar,bfullagar1f@un.org,Male,215.148.45.185
53,Meridel,Cridland,mcridland1g@sitemeter.com,Female,217.212.203.245
54,Brien,Ranald,branald1h@plala.or.jp,Male,253.108.85.32
55,Margette,Eayrs,meayrs1i@opera.com,Female,160.150.172.14
56,Obed,Bendig,obendig1j@toplist.cz,Male,53.102.33.78
57,Jemie,MacDonough,jmacdonough1k@google.it,Female,139.148.37.1
58,Susannah,Wearing,swearing1l@feedburner.com,Female,30.199.70.162
59,Morena,Pearman,mpearman1m@sitemeter.com,Female,202.207.106.155
60,Harmon,Di Biasio,hdibiasio1n@stanford.edu,Male,33.116.211.8
61,Glennis,Stollenbeck,gstollenbeck1o@drupal.org,Female,158.69.116.196
62,Freddie,Fuentez,ffuentez1p@vinaora.com,Male,50.104.32.57
63,Bartram,Bissiker,bbissiker1q@nyu.edu,Male,196.157.27.20
64,Rozella,Gherarducci,rgherarducci1r@stanford.edu,Female,248.156.121.228
65,Alfonso,Venart,avenart1s@nationalgeographic.com,Male,177.14.27.19
66,Kevon,Pitkaithly,kpitkaithly1t@reuters.com,Male,160.229.102.86
67,Carolynn,Juara,cjuara1u@addtoany.com,Female,75.203.213.173
68,Wash,Fancourt,wfancourt1v@ftc.gov,Male,254.38.102.85
69,Sallie,Losseljong,slosseljong1w@blogs.com,Female,0.255.233.58
70,Gilbertina,Klessmann,gklessmann1x@cbsnews.com,Female,3.218.103.160
71,Isa,Cowans,icowans1y@gmpg.org,Female,76.240.242.206
72,Lindsey,Mcasparan,lmcasparan1z@accuweather.com,Male,157.91.245.106
73,Edwin,Ghiraldi,eghiraldi20@microsoft.com,Male,21.235.66.132
74,Bran,Sawbridge,bsawbridge21@jalbum.net,Male,234.93.66.92
75,Raff,Canet,rcanet22@ca.gov,Male,132.225.60.65
76,Aggy,Cudby,acudby23@163.com,Female,30.78.203.11
77,Van,Aldersey,valdersey24@rambler.ru,Female,59.248.194.209
78,Austine,MacCaughey,amaccaughey25@zimbio.com,Female,11.84.172.186
79,Dallas,Vardey,dvardey26@php.net,Female,204.16.10.7
80,Aeriell,Kiledal,akiledal27@ehow.com,Female,157.184.143.48
81,Lion,Angus,langus28@xing.com,Male,75.50.157.23
82,Shep,Orrett,sorrett29@prweb.com,Male,62.19.223.119
83,Lynna,Drohane,ldrohane2a@w3.org,Female,47.95.104.94
84,Corrina,Roxbee,croxbee2b@example.com,Female,107.179.76.166
85,Gussi,Sharrard,gsharrard2c@businesswire.com,Female,241.60.187.18
86,Vince,Dysart,vdysart2d@tripadvisor.com,Male,55.205.242.100
87,Farlay,Hugin,fhugin2e@jigsy.com,Male,199.157.255.43
88,Melody,July,mjuly2f@jalbum.net,Female,236.82.42.42
89,Jordain,Grigoletti,jgrigoletti2g@jiathis.com,Female,109.97.5.234
90,Barclay,Loveitt,bloveitt2h@harvard.edu,Male,247.76.119.124
91,Penelopa,Hilary,philary2i@cornell.edu,Female,129.90.92.98
92,Junie,Tyrie,jtyrie2j@trellian.com,Female,162.169.6.162
93,Archibald,Shouler,ashouler2k@spotify.com,Male,106.110.14.210
94,Martguerita,Hagley,mhagley2l@statcounter.com,Female,254.78.170.219
95,Everard,Shadbolt,eshadbolt2m@vk.com,Male,153.2.147.101
96,Zechariah,Hanning,zhanning2n@joomla.org,Male,23.37.172.217
97,Kurtis,Widdup,kwiddup2o@princeton.edu,Male,244.196.238.116
98,Ealasaid,Viney,eviney2p@cisco.com,Female,243.52.201.120
99,Konstantine,Meadows,kmeadows2q@yale.edu,Male,97.101.66.166
100,Burg,Borghese,bborghese2r@npr.org,Male,235.179.61.41
101,Angie,Ajsik,aajsik2s@mozilla.com,Male,14.152.117.31
102,Romola,Girardet,rgirardet2t@friendfeed.com,Female,175.172.225.111
103,Magdaia,Babbe,mbabbe2u@mit.edu,Female,199.149.207.242
104,Rubina,Whyley,rwhyley2v@goodreads.com,Female,179.122.36.17
105,Aimee,Spensly,aspensly2w@hibu.com,Female,236.48.159.228
106,Dominic,Bunston,dbunston2x@ucsd.edu,Male,158.28.113.190
107,Cristian,Duffrie,cduffrie2y@amazon.com,Male,150.66.126.168
108,Avrit,Caughtry,acaughtry2z@multiply.com,Female,91.109.149.232
109,Toby,Rayson,trayson30@edublogs.org,Male,27.103.248.213
110,Sherill,Morey,smorey31@bbb.org,Female,40.128.69.227
111,Rube,Howlings,rhowlings32@thetimes.co.uk,Male,214.251.250.124
112,Therese,McGraw,tmcgraw33@yellowbook.com,Female,15.230.145.44
113,Lauritz,Krystek,lkrystek34@livejournal.com,Male,229.37.135.173
114,Selie,Pither,spither35@delicious.com,Female,174.220.18.226
115,Desiri,Brierly,dbrierly36@dailymotion.com,Female,125.33.108.148
116,Gabriello,Filyukov,gfilyukov37@nasa.gov,Male,96.34.130.51
117,Ivett,Lockton,ilockton38@bloglines.com,Female,169.54.224.20
118,Cliff,McMenamie,cmcmenamie39@reuters.com,Male,206.239.25.127
119,Timothy,Dunkley,tdunkley3a@theguardian.com,Male,162.10.33.107
120,Dylan,Rignold,drignold3b@flavors.me,Male,164.145.198.8
121,Dur,Ishchenko,dishchenko3c@wp.com,Male,138.137.206.183
122,Noella,Kiddey,nkiddey3d@jugem.jp,Female,206.112.50.214
123,Marilin,Leaman,mleaman3e@marketwatch.com,Female,170.15.2.195
124,Rod,Stannion,rstannion3f@cdc.gov,Male,68.241.90.182
125,Alexis,Langthorne,alangthorne3g@businesswire.com,Male,114.82.225.81
126,Sella,Strettell,sstrettell3h@nydailynews.com,Female,72.181.221.210
127,Calley,Sterman,csterman3i@forbes.com,Female,69.160.103.103
128,Jorgan,Sidery,jsidery3j@t.co,Male,45.58.188.44
129,Herbert,Britland,hbritland3k@hp.com,Male,121.236.30.45
130,Trish,Cutten,tcutten3l@archive.org,Female,81.137.164.2
131,Valentin,Clowsley,vclowsley3m@npr.org,Male,92.19.114.75
132,Rebeca,Pimblotte,rpimblotte3n@about.com,Female,218.135.19.176
133,Reuven,Vergine,rvergine3o@china.com.cn,Male,120.33.68.245
134,Lilli,Cecchi,lcecchi3p@techcrunch.com,Female,207.230.12.67
135,Juieta,Lutton,jlutton3q@yellowpages.com,Female,225.198.65.154
136,Ame,Clitheroe,aclitheroe3r@squarespace.com,Female,184.183.82.213
137,Thorny,Card,tcard3s@ameblo.jp,Male,162.219.94.245
138,Wilfred,Quinnell,wquinnell3t@yellowbook.com,Male,138.155.12.230
139,Fanny,Woodroff,fwoodroff3u@ed.gov,Female,180.111.32.182
140,Clerkclaude,Nacey,cnacey3v@cocolog-nifty.com,Male,40.205.47.115
141,Dougy,Shivlin,dshivlin3w@arstechnica.com,Male,195.17.39.31
142,Loretta,Aiers,laiers3x@intel.com,Female,148.223.63.122
143,Raimondo,Tarply,rtarply3y@google.pl,Male,61.78.220.101
144,Wash,Dadswell,wdadswell3z@un.org,Male,193.5.144.10
145,Alejandro,Pidgley,apidgley40@godaddy.com,Male,154.253.78.147
146,Valle,Karlolak,vkarlolak41@sciencedirect.com,Male,93.105.53.176
147,Aguste,Cudbertson,acudbertson42@va.gov,Male,103.148.8.151
148,Stinky,Bugby,sbugby43@indiatimes.com,Male,194.52.102.56
149,Olimpia,Gant,ogant44@earthlink.net,Female,27.233.189.76
150,Faye,Rosendahl,frosendahl45@barnesandnoble.com,Female,132.20.220.111
151,Zita,Kroll,zkroll46@oakley.com,Female,52.62.212.154
152,Grethel,Boylan,gboylan47@amazonaws.com,Female,225.0.165.235
153,Sile,Bullard,sbullard48@dyndns.org,Female,13.30.144.103
154,Andrea,Lammers,alammers49@amazon.de,Male,122.250.237.72
155,Ezmeralda,Hapke,ehapke4a@mtv.com,Female,95.239.233.142
156,Fae,Itzcovich,fitzcovich4b@irs.gov,Female,134.56.157.157
157,Alex,Druhan,adruhan4c@rambler.ru,Female,219.135.111.141
158,Bettye,Severn,bsevern4d@amazon.com,Female,27.96.249.30
159,Ed,Izakov,eizakov4e@sakura.ne.jp,Male,209.60.195.246
160,Biron,Wakely,bwakely4f@cyberchimps.com,Male,35.114.161.139
161,Sandye,Rathbourne,srathbourne4g@accuweather.com,Female,47.177.138.196
162,Kristine,Canner,kcanner4h@netlog.com,Female,84.120.46.89
163,Gregoire,Jacqueminet,gjacqueminet4i@angelfire.com,Male,124.253.197.207
164,Ashlan,Izak,aizak4j@tumblr.com,Female,18.146.159.193
165,Ali,Maybury,amaybury4k@fastcompany.com,Male,208.152.63.120
166,Agneta,Ingles,aingles4l@de.vu,Female,234.133.183.245
167,Jase,Sugarman,jsugarman4m@bluehost.com,Male,232.213.23.142
168,Lavina,Troillet,ltroillet4n@bbc.co.uk,Female,168.63.101.253
169,Garth,Beat,gbeat4o@moonfruit.com,Male,174.121.109.120
170,Willem,Ruckledge,wruckledge4p@freewebs.com,Male,231.175.184.183
171,Mannie,Lovett,mlovett4q@adobe.com,Male,204.32.217.17
172,Gisella,Wesgate,gwesgate4r@princeton.edu,Female,248.83.220.172
173,Hadrian,Luparto,hluparto4s@bloglines.com,Male,51.123.128.203
174,Joey,Giacovelli,jgiacovelli4t@timesonline.co.uk,Male,142.134.48.174
175,Currie,Callendar,ccallendar4u@hp.com,Male,137.236.212.10
176,Eloisa,Merigeau,emerigeau4v@facebook.com,Female,101.114.20.194
177,Creighton,Caygill,ccaygill4w@example.com,Male,241.42.29.201
178,Avram,Leyzell,aleyzell4x@soup.io,Male,55.75.231.62
179,Mignonne,Poltun,mpoltun4y@hao123.com,Female,166.91.40.66
180,Nadeen,Drieu,ndrieu4z@theatlantic.com,Female,189.249.4.255
181,Jorrie,Ashworth,jashworth50@un.org,Female,9.104.195.137
182,Lazare,Connors,lconnors51@adobe.com,Male,69.19.5.155
183,Agnesse,Duffer,aduffer52@aboutads.info,Female,2.204.48.144
184,Belita,Derye-Barrett,bderyebarrett53@google.cn,Female,153.44.131.11
185,Matias,Augie,maugie54@salon.com,Male,130.45.191.19
186,Odilia,Huyhton,ohuyhton55@odnoklassniki.ru,Female,43.175.203.190
187,Bearnard,Lineham,blineham56@rambler.ru,Male,38.219.119.154
188,Cami,Nevinson,cnevinson57@cbc.ca,Female,3.14.86.216
189,Maud,Werndley,mwerndley58@addtoany.com,Female,113.62.162.223
190,Arlan,Kier,akier59@posterous.com,Male,131.57.210.172
191,Nat,Gorden,ngorden5a@e-recht24.de,Female,103.6.161.52
192,Gibbie,Allpress,gallpress5b@51.la,Male,11.112.36.124
193,Shelton,Benoiton,sbenoiton5c@webmd.com,Male,124.200.119.9
194,Harbert,Bennion,hbennion5d@apple.com,Male,19.125.196.68
195,Heath,Iacovuzzi,hiacovuzzi5e@wiley.com,Female,106.36.246.139
196,Kory,Ygoe,kygoe5f@chron.com,Male,84.102.178.139
197,Issie,Conachy,iconachy5g@telegraph.co.uk,Female,237.100.4.233
198,Emery,Scarlin,escarlin5h@nbcnews.com,Male,71.159.106.176
199,Culley,Clappson,cclappson5i@123-reg.co.uk,Male,113.55.119.159
200,Kurt,Birchenhead,kbirchenhead5j@creativecommons.org,Male,123.76.185.130
201,Earvin,Blackaby,eblackaby5k@bloglines.com,Male,9.255.228.174
202,Huntlee,Pescud,hpescud5l@msu.edu,Male,3.163.210.91
203,Alonso,Fagg,afagg5m@guardian.co.uk,Male,44.70.233.219
204,Gisele,Glendzer,gglendzer5n@posterous.com,Female,244.29.14.5
205,Ayn,Blakebrough,ablakebrough5o@dailymail.co.uk,Female,239.39.66.128
206,Crosby,Yashaev,cyashaev5p@cbslocal.com,Male,229.6.32.135
207,Maddy,Oakenfall,moakenfall5q@wiley.com,Female,29.209.33.21
208,Yalonda,Robotham,yrobotham5r@nsw.gov.au,Female,98.13.98.224
209,Nicholle,Flahy,nflahy5s@wired.com,Female,54.35.41.243
210,Kelcy,Giorgio,kgiorgio5t@businesswire.com,Female,154.112.14.16
211,Jennica,Preddle,jpreddle5u@washington.edu,Female,126.212.76.30
212,Joel,Walling,jwalling5v@eepurl.com,Male,17.194.145.230
213,Mamie,Taggerty,mtaggerty5w@hugedomains.com,Female,145.46.126.152
214,Crystie,Timewell,ctimewell5x@bravesites.com,Female,211.117.92.141
215,Paige,Shasnan,pshasnan5y@is.gd,Male,3.176.93.245
216,Gaelan,Deelay,gdeelay5z@pbs.org,Male,246.71.6.80
217,Terrie,Ketton,tketton60@e-recht24.de,Female,233.217.17.150
218,Shane,Westell,swestell61@bluehost.com,Female,155.146.197.178
219,Alisun,Plowes,aplowes62@howstuffworks.com,Female,136.119.65.156
220,Howard,MacMeeking,hmacmeeking63@blogtalkradio.com,Male,217.126.88.157
221,Tobe,Lehenmann,tlehenmann64@last.fm,Male,37.214.168.70
222,Seana,Gumby,sgumby65@dailymotion.com,Female,241.234.110.39
223,Claudia,Hembrow,chembrow66@arstechnica.com,Female,103.97.51.105
224,Rhys,Kynvin,rkynvin67@fastcompany.com,Male,231.98.193.172
225,Wenona,Cosford,wcosford68@umn.edu,Female,134.100.187.211
226,Xenos,Wyett,xwyett69@businesswire.com,Male,167.176.161.150
227,Roxana,Biesty,rbiesty6a@dagondesign.com,Female,72.77.38.4
228,Giavani,Etuck,getuck6b@arizona.edu,Male,234.141.232.89
229,Estevan,Wedge,ewedge6c@twitpic.com,Male,177.88.25.63
230,Homer,Fradgley,hfradgley6d@huffingtonpost.com,Male,51.239.83.107
231,Aileen,Yantsurev,ayantsurev6e@washington.edu,Female,35.179.191.186
232,Culley,Ronchetti,cronchetti6f@canalblog.com,Male,225.209.22.107
233,Jody,O'Cleary,jocleary6g@angelfire.com,Male,134.224.212.67
234,Adair,Darcy,adarcy6h@purevolume.com,Male,13.167.145.77
235,Maud,Burgisi,mburgisi6i@surveymonkey.com,Female,33.80.235.102
236,Trevar,Morritt,tmorritt6j@live.com,Male,104.40.4.255
237,Rufus,Beringer,rberinger6k@buzzfeed.com,Male,63.14.108.154
238,Rafe,Aslam,raslam6l@nydailynews.com,Male,2.153.168.88
239,Axe,Son,ason6m@devhub.com,Male,178.81.0.25
240,Babb,Brenston,bbrenston6n@reuters.com,Female,235.43.88.74
241,Cletus,Gockeler,cgockeler6o@edublogs.org,Male,19.17.94.85
242,Siana,O' Reagan,soreagan6p@nymag.com,Female,32.153.117.45
243,Boy,Bousfield,bbousfield6q@imgur.com,Male,174.216.61.117
244,Celene,Welbelove,cwelbelove6r@globo.com,Female,111.205.99.114
245,Morgen,Colebrook,mcolebrook6s@tiny.cc,Male,187.15.68.215
246,Guss,Andreichik,gandreichik6t@fotki.com,Male,35.151.202.103
247,Purcell,Westwick,pwestwick6u@yellowbook.com,Male,178.26.123.67
248,Estel,Arlt,earlt6v@dropbox.com,Female,27.102.106.162
249,Zack,Weben,zweben6w@purevolume.com,Male,171.198.37.251
250,Thor,Bartot,tbartot6x@aboutads.info,Male,144.15.60.85
251,Emmery,Shird,eshird6y@hatena.ne.jp,Male,186.182.119.202
252,Fancie,Catherine,fcatherine6z@cnet.com,Female,179.139.65.154
253,Harriet,Cockaday,hcockaday70@mediafire.com,Female,202.132.106.23
254,Clyde,Collyns,ccollyns71@jalbum.net,Male,175.248.127.108
255,Nolly,Colebourne,ncolebourne72@domainmarket.com,Male,59.83.127.41
256,Ginger,Haimes,ghaimes73@wikispaces.com,Female,123.202.133.169
257,Christalle,Kellogg,ckellogg74@cbslocal.com,Female,103.183.43.137
258,Leonora,Haggerston,lhaggerston75@xing.com,Female,83.9.85.144
259,Northrup,Cholwell,ncholwell76@psu.edu,Male,136.189.29.183
260,Blondie,Wolton,bwolton77@free.fr,Female,130.206.91.4
261,Ange,Vella,avella78@istockphoto.com,Female,47.145.128.140
262,Josy,Baiyle,jbaiyle79@phoca.cz,Female,112.251.61.183
263,Dorothee,Chiswell,dchiswell7a@networkadvertising.org,Female,97.51.73.161
264,Dulce,Alfwy,dalfwy7b@newsvine.com,Female,2.175.62.10
265,Padget,Hadgraft,phadgraft7c@patch.com,Male,100.209.147.17
266,Bernardina,Kenrick,bkenrick7d@yolasite.com,Female,214.82.172.40
267,Gunilla,Klammt,gklammt7e@merriam-webster.com,Female,178.252.135.244
268,Arlette,Newdick,anewdick7f@google.pl,Female,246.123.141.134
269,Deb,Harrell,dharrell7g@last.fm,Female,62.161.11.198
270,Holli,Larkings,hlarkings7h@sphinn.com,Female,61.164.65.116
271,Babita,Ord,bord7i@godaddy.com,Female,106.28.146.76
272,Ganny,Pashley,gpashley7j@fastcompany.com,Male,57.241.119.122
273,Sibyl,Whiff,swhiff7k@ameblo.jp,Female,246.227.215.207
274,Mela,Cottom,mcottom7l@weather.com,Female,205.253.11.77
275,Raven,Blumer,rblumer7m@wikia.com,Female,167.102.219.85
276,Morley,Ghiriardelli,mghiriardelli7n@berkeley.edu,Male,50.190.73.2
277,Tull,Hayley,thayley7o@tiny.cc,Male,1.137.91.28
278,Smitty,Garnall,sgarnall7p@arizona.edu,Male,227.36.116.223
279,Willard,Patterfield,wpatterfield7q@ovh.net,Male,116.162.41.198
280,Roland,Fenck,rfenck7r@mac.com,Male,72.228.20.82
281,Levon,Leyman,lleyman7s@surveymonkey.com,Male,248.62.55.165
282,Nissy,Keeffe,nkeeffe7t@ox.ac.uk,Female,105.57.116.119
283,Olivia,Hallas,ohallas7u@github.com,Female,121.114.36.73
284,Baillie,Pennicard,bpennicard7v@twitpic.com,Male,29.82.226.226
285,Cristi,Sigward,csigward7w@blog.com,Female,208.17.79.34
286,Oralee,Klimkowski,oklimkowski7x@amazon.com,Female,10.49.6.220
287,Meggie,Raggles,mraggles7y@dedecms.com,Female,29.80.3.108
288,Ted,Arthur,tarthur7z@ning.com,Female,147.249.94.212
289,Papageno,Cosson,pcosson80@digg.com,Male,113.41.127.43
290,Tito,Hilley,thilley81@yandex.ru,Male,156.0.246.224
291,Donn,Cadding,dcadding82@dell.com,Male,128.244.31.41
292,Dre,Beaston,dbeaston83@theguardian.com,Female,1.71.176.222
293,Wallie,Scouler,wscouler84@vk.com,Male,40.135.134.233
294,Juliana,Liddiard,jliddiard85@zimbio.com,Female,234.219.159.156
295,Genevieve,Ruberti,gruberti86@cocolog-nifty.com,Female,99.90.60.88
296,Kinny,Critcher,kcritcher87@ucla.edu,Male,215.89.39.8
297,Frieda,Langmaid,flangmaid88@cornell.edu,Female,231.222.33.151
298,Hanny,Rival,hrival89@blogger.com,Female,251.94.236.25
299,Leeland,Sumpner,lsumpner8a@google.fr,Male,223.25.60.243
300,Sebastiano,Soal,ssoal8b@delicious.com,Male,171.201.220.15
301,Cindi,Reece,creece8c@intel.com,Female,169.111.148.133
302,Thorstein,Trittam,ttrittam8d@go.com,Male,164.58.124.30
303,Sonni,Londing,slonding8e@indiegogo.com,Female,113.102.31.51
304,Germaine,Nunan,gnunan8f@alexa.com,Male,148.114.227.141
305,Verge,Semrad,vsemrad8g@google.fr,Male,172.137.218.48
306,Filbert,Renoden,frenoden8h@gravatar.com,Male,242.185.78.168
307,Mel,Davis,mdavis8i@multiply.com,Female,95.241.230.231
308,Armin,Ralestone,aralestone8j@auda.org.au,Male,211.167.239.5
309,Sianna,Bain,sbain8k@ask.com,Female,232.6.226.228
310,Donn,Donaghie,ddonaghie8l@xrea.com,Male,206.31.115.8
311,Thorin,Torbet,ttorbet8m@purevolume.com,Male,207.30.172.22
312,Dorena,Sonnenschein,dsonnenschein8n@usatoday.com,Female,192.207.101.233
313,Brynna,Blakeney,bblakeney8o@blogspot.com,Female,39.240.173.83
314,Wayland,Garnsey,wgarnsey8p@opera.com,Male,23.60.197.37
315,Seth,Puzey,spuzey8q@smugmug.com,Male,103.45.12.242
316,Urbain,Enrietto,uenrietto8r@army.mil,Male,87.111.122.14
317,Wilbert,Filon,wfilon8s@ihg.com,Male,65.47.144.249
318,Ingram,Ayerst,iayerst8t@yellowpages.com,Male,160.208.1.20
319,Beryl,Chisnall,bchisnall8u@live.com,Female,8.76.5.165
320,Andras,Pahlsson,apahlsson8v@google.pl,Male,57.177.46.250
321,Hervey,Dougan,hdougan8w@reddit.com,Male,51.10.236.93
322,Rosemarie,Rounding,rrounding8x@tiny.cc,Female,106.42.120.178
323,Lenette,O'Skehan,loskehan8y@shop-pro.jp,Female,85.183.98.36
324,Ode,Stallybrass,ostallybrass8z@google.com,Male,241.34.172.117
325,Darya,Burnall,dburnall90@scientificamerican.com,Female,212.103.100.93
326,Rafferty,Whitelock,rwhitelock91@jigsy.com,Male,98.156.56.143
327,Ramsay,Saltrese,rsaltrese92@opera.com,Male,118.128.8.221
328,Jeanine,Crotch,jcrotch93@yellowpages.com,Female,70.81.110.155
329,Drusilla,Philcox,dphilcox94@purevolume.com,Female,110.98.230.186
330,Janifer,Polland,jpolland95@msu.edu,Female,253.217.87.39
331,Conan,Beevens,cbeevens96@tuttocitta.it,Male,244.123.197.246
332,Brigitta,Coate,bcoate97@home.pl,Female,220.14.78.43
333,Pia,Letcher,pletcher98@springer.com,Female,216.233.37.219
334,Kerry,Parkman,kparkman99@google.com.hk,Male,59.167.109.130
335,Toddy,Jukubczak,tjukubczak9a@shareasale.com,Male,94.15.168.37
336,Nicholas,Waldocke,nwaldocke9b@ycombinator.com,Male,13.225.159.46
337,Naomi,Baron,nbaron9c@wsj.com,Female,59.123.144.69
338,Humbert,Stennine,hstennine9d@bigcartel.com,Male,143.108.93.3
339,Syman,Storrah,sstorrah9e@meetup.com,Male,116.175.203.221
340,Anette,William,awilliam9f@amazon.com,Female,168.187.28.193
341,Tabitha,Stuck,tstuck9g@fda.gov,Female,99.28.85.181
342,Chrissy,Esche,cesche9h@booking.com,Male,55.150.159.134
343,Eldin,Farherty,efarherty9i@wikia.com,Male,149.182.13.77
344,Sioux,Sare,ssare9j@fc2.com,Female,168.19.174.253
345,Joseph,Mincini,jmincini9k@fema.gov,Male,121.130.120.116
346,Harwilll,Scarse,hscarse9l@blogs.com,Male,18.133.235.223
347,Lothario,Hulles,lhulles9m@live.com,Male,69.139.232.192
348,Flossie,Doxsey,fdoxsey9n@webmd.com,Female,95.104.208.153
349,Clarinda,Keddey,ckeddey9o@goodreads.com,Female,187.253.166.21
350,Leo,Zammett,lzammett9p@state.tx.us,Male,111.234.147.201
351,Sharyl,Headington,sheadington9q@youtu.be,Female,19.0.174.67
352,Peggi,Jimson,pjimson9r@usnews.com,Female,63.156.151.42
353,Deedee,Sposito,dsposito9s@bigcartel.com,Female,192.16.196.80
354,Hannah,Burges,hburges9t@about.me,Female,214.224.147.148
355,Anneliese,Dranfield,adranfield9u@rambler.ru,Female,107.187.13.106
356,Lydia,Le Frank,llefrank9v@hp.com,Female,9.54.83.36
357,Lowell,Deighton,ldeighton9w@diigo.com,Male,242.71.208.19
358,Kimberlyn,Prando,kprando9x@npr.org,Female,134.42.253.0
359,Tod,Dany,tdany9y@1und1.de,Male,198.121.152.80
360,Mario,Candlish,mcandlish9z@eepurl.com,Male,198.216.9.172
361,Delaney,Slimings,dslimingsa0@delicious.com,Male,187.25.244.253
362,Melinda,Connett,mconnetta1@foxnews.com,Female,130.202.137.231
363,Elena,Longland,elonglanda2@foxnews.com,Female,242.35.170.123
364,Babs,Brehaut,bbrehauta3@google.com.au,Female,160.184.44.113
365,Sonnie,Hamments,shammentsa4@jiathis.com,Male,165.98.12.138
366,Paige,Limb,plimba5@unc.edu,Female,82.225.219.19
367,Robinetta,Ahrend,rahrenda6@yahoo.co.jp,Female,73.168.124.36
368,Gaylene,Winson,gwinsona7@fema.gov,Female,74.197.154.90
369,Edwin,Skates,eskatesa8@eventbrite.com,Male,248.243.194.151
370,Mychal,Goeff,mgoeffa9@vimeo.com,Male,30.72.173.199
371,Jeffry,Shevlane,jshevlaneaa@yellowbook.com,Male,46.231.116.189
372,Bill,Meeny,bmeenyab@dion.ne.jp,Male,118.23.142.200
373,Jaquenetta,Arsnell,jarsnellac@51.la,Female,134.248.25.112
374,Sterne,Traill,straillad@usda.gov,Male,141.99.243.185
375,Joella,Collocott,jcollocottae@cam.ac.uk,Female,97.251.150.45
376,Bobbie,Crum,bcrumaf@cdc.gov,Male,28.151.161.166
377,Cos,Isacoff,cisacoffag@smh.com.au,Male,32.154.166.217
378,Cariotta,Breach,cbreachah@liveinternet.ru,Female,203.32.104.62
379,Helaine,Cotgrave,hcotgraveai@prweb.com,Female,171.130.252.69
380,Mead,Defrain,mdefrainaj@homestead.com,Male,57.28.98.99
381,Ronnica,Sail,rsailak@china.com.cn,Female,251.146.27.69
382,Fleurette,Dalman,fdalmanal@twitter.com,Female,49.133.188.160
383,Hetti,Gartell,hgartellam@narod.ru,Female,78.20.107.82
384,Max,Gerasch,mgeraschan@reddit.com,Female,173.24.254.26
385,Cordell,Axtonne,caxtonneao@networkadvertising.org,Male,173.215.166.83
386,Esme,Sebright,esebrightap@wikia.com,Female,200.83.139.25
387,Eustace,Radbond,eradbondaq@1und1.de,Male,144.166.52.154
388,Jayne,Brigham,jbrighamar@nbcnews.com,Female,192.162.143.52
389,Corina,Arnaldo,carnaldoas@hostgator.com,Female,189.6.41.37
390,Roana,Willbraham,rwillbrahamat@tmall.com,Female,227.28.152.71
391,Sky,Stollenwerck,sstollenwerckau@theatlantic.com,Male,232.222.48.14
392,Feliks,Ponsford,fponsfordav@tripadvisor.com,Male,32.124.26.190
393,Garnet,Gravestone,ggravestoneaw@ihg.com,Female,237.29.44.227
394,Leigh,Hannibal,lhannibalax@telegraph.co.uk,Female,70.146.174.25
395,Adolphus,Escale,aescaleay@state.tx.us,Male,143.123.49.242
396,Nestor,Gresser,ngresseraz@networkadvertising.org,Male,138.152.198.90
397,Ramon,Beavington,rbeavingtonb0@cdbaby.com,Male,251.129.86.29
398,Paolo,Langridge,plangridgeb1@ocn.ne.jp,Male,246.55.101.242
399,Abra,Bramo,abramob2@pen.io,Female,139.220.198.109
400,Nari,Girone,ngironeb3@ibm.com,Female,78.11.65.58
401,Rubin,Austin,raustinb4@ovh.net,Male,121.10.64.162
402,Terra,Derwin,tderwinb5@networkadvertising.org,Female,130.71.187.37
403,Edwin,Sicely,esicelyb6@clickbank.net,Male,117.199.205.102
404,Levin,O'Callaghan,locallaghanb7@yale.edu,Male,242.105.253.202
405,Shirley,Sante,ssanteb8@reuters.com,Female,97.213.10.99
406,Winifield,McMeyler,wmcmeylerb9@jigsy.com,Male,242.15.85.181
407,Berk,Birdis,bbirdisba@live.com,Male,183.49.113.60
408,Julieta,Bedle,jbedlebb@biglobe.ne.jp,Female,77.12.239.139
409,Germain,Kubicek,gkubicekbc@taobao.com,Male,113.141.152.48
410,Kandace,Strathdee,kstrathdeebd@wisc.edu,Female,124.18.14.157
411,Tove,MacGarrity,tmacgarritybe@dagondesign.com,Female,235.103.169.191
412,Wolf,Hesser,whesserbf@fc2.com,Male,167.103.150.40
413,Agnes,Waller,awallerbg@miibeian.gov.cn,Female,61.153.31.36
414,Xavier,Berrow,xberrowbh@hugedomains.com,Male,109.50.21.205
415,Daveen,Bracci,dbraccibi@symantec.com,Female,197.52.2.245
416,Clyde,Tesseyman,ctesseymanbj@bizjournals.com,Male,89.2.211.139
417,Wandis,Worge,wworgebk@blinklist.com,Female,153.221.76.113
418,Agustin,Holbarrow,aholbarrowbl@com.com,Male,63.12.102.10
419,Rodney,Lumm,rlummbm@businesswire.com,Male,136.11.1.162
420,Benjamin,Belchem,bbelchembn@boston.com,Male,173.166.248.66
421,Gena,Devanny,gdevannybo@istockphoto.com,Female,244.134.251.73
422,Alina,Akrigg,aakriggbp@sfgate.com,Female,247.83.60.162
423,Brigham,Burgoyne,bburgoynebq@epa.gov,Male,190.28.157.61
424,Marcel,Blasik,mblasikbr@examiner.com,Male,58.98.224.49
425,Margalit,Dearle-Palser,mdearlepalserbs@cnet.com,Female,190.78.111.182
426,Patti,Grabert,pgrabertbt@fc2.com,Female,157.122.14.125
427,Maud,Martinuzzi,mmartinuzzibu@macromedia.com,Female,41.3.165.0
428,Tera,Streeter,tstreeterbv@youku.com,Female,246.99.225.165
429,Olia,Puleque,opulequebw@booking.com,Female,18.42.201.126
430,Isabella,Fidelus,ifidelusbx@google.com.au,Female,69.86.33.255
431,Toby,Sabbins,tsabbinsby@disqus.com,Male,28.37.24.1
432,Ted,Bakewell,tbakewellbz@slideshare.net,Male,102.8.3.60
433,Giles,Hegdonne,ghegdonnec0@phpbb.com,Male,83.105.34.28
434,Lucine,Beumant,lbeumantc1@imdb.com,Female,250.86.104.69
435,Kele,Lapenna,klapennac2@bloglines.com,Male,243.56.107.13
436,Gretchen,Klaas,gklaasc3@technorati.com,Female,193.166.202.202
437,Garrot,Waine,gwainec4@google.es,Male,225.180.142.240
438,Breanne,Ardron,bardronc5@ning.com,Female,65.28.33.196
439,Karla,Doucette,kdoucettec6@smugmug.com,Female,164.7.231.75
440,Dav,Escofier,descofierc7@shop-pro.jp,Male,128.247.184.237
441,Danni,Corradengo,dcorradengoc8@surveymonkey.com,Female,8.208.223.88
442,Neron,Geere,ngeerec9@sitemeter.com,Male,172.227.13.126
443,Hercules,Marflitt,hmarflittca@illinois.edu,Male,153.110.21.47
444,Jany,Gitthouse,jgitthousecb@bbc.co.uk,Female,52.104.8.159
445,Carly,Robben,crobbencc@pcworld.com,Female,90.126.30.115
446,Letisha,Eland,lelandcd@google.com.hk,Female,185.102.198.35
447,Ambrosius,Hercules,aherculesce@sohu.com,Male,106.169.42.81
448,Chance,Fyers,cfyerscf@networksolutions.com,Male,85.77.133.46
449,Margeaux,Tocknell,mtocknellcg@bravesites.com,Female,91.253.157.190
450,Antone,Easen,aeasench@samsung.com,Male,209.74.119.30
451,Lazare,Hovington,lhovingtonci@clickbank.net,Male,218.129.140.197
452,Heywood,Northcote,hnorthcotecj@unesco.org,Male,67.6.185.124
453,Marquita,Franz,mfranzck@army.mil,Female,176.158.134.179
454,Yancey,Maxstead,ymaxsteadcl@mediafire.com,Male,57.186.140.102
455,Bartel,Kurten,bkurtencm@simplemachines.org,Male,122.193.146.38
456,Abbi,Copozio,acopoziocn@freewebs.com,Female,100.157.191.46
457,Brendon,Norkutt,bnorkuttco@github.com,Male,248.251.75.177
458,Therine,Featonby,tfeatonbycp@de.vu,Female,186.202.41.213
459,Almeda,Drane,adranecq@youku.com,Female,198.30.176.163
460,Kirby,Blandamere,kblandamerecr@wufoo.com,Female,115.0.117.27
461,Ottilie,Cranstoun,ocranstouncs@imgur.com,Female,205.243.249.172
462,Coralie,Coley,ccoleyct@ox.ac.uk,Female,224.140.96.216
463,Stafford,Clemonts,sclemontscu@census.gov,Male,78.101.83.129
464,Kerry,Stancer,kstancercv@cisco.com,Male,180.151.138.68
465,Elliott,Everest,eeverestcw@ftc.gov,Male,69.62.23.102
466,Alasdair,O'Reilly,aoreillycx@skyrock.com,Male,209.14.197.105
467,Octavia,Bottelstone,obottelstonecy@free.fr,Female,62.10.17.176
468,Jacqui,Sharpless,jsharplesscz@comcast.net,Female,79.181.229.21
469,Fey,Fellgatt,ffellgattd0@list-manage.com,Female,82.205.153.205
470,Jethro,Eddolls,jeddollsd1@answers.com,Male,154.201.71.64
471,Tobit,Lamming,tlammingd2@nationalgeographic.com,Male,102.24.233.133
472,Ursuline,Ancliff,uancliffd3@devhub.com,Female,143.114.87.113
473,Nickolas,Bandt,nbandtd4@so-net.ne.jp,Male,59.56.88.64
474,Jeanelle,Townsend,jtownsendd5@omniture.com,Female,91.147.220.64
475,Theodore,Futter,tfutterd6@ning.com,Male,9.182.27.229
476,Cordie,McIlvenny,cmcilvennyd7@nih.gov,Female,91.59.134.15
477,Flinn,McKeating,fmckeatingd8@xing.com,Male,85.216.1.160
478,Leesa,Francescone,lfrancesconed9@tinyurl.com,Female,223.191.59.129
479,Fraze,Lorne,florneda@altervista.org,Male,178.190.246.201
480,Bobette,Steffens,bsteffensdb@hao123.com,Female,174.192.252.44
481,Nat,Georgeon,ngeorgeondc@businessweek.com,Male,188.76.84.93
482,Murvyn,Pesik,mpesikdd@unblog.fr,Male,233.43.222.52
483,Karilynn,Maypole,kmaypolede@usa.gov,Female,118.141.253.214
484,Marcy,Claybourne,mclaybournedf@bluehost.com,Female,164.207.237.117
485,Birch,Whelpdale,bwhelpdaledg@geocities.jp,Male,197.49.177.249
486,Harp,Gartery,hgarterydh@ezinearticles.com,Male,179.215.9.69
487,Park,Latan,platandi@macromedia.com,Male,66.63.95.175
488,Jackson,Siney,jsineydj@google.it,Male,90.143.78.254
489,Janet,Godden,jgoddendk@exblog.jp,Female,32.182.95.54
490,Adella,Purkess,apurkessdl@nba.com,Female,127.254.185.239
491,Gothart,Arlow,garlowdm@sun.com,Male,222.72.29.219
492,Ramon,Filippyev,rfilippyevdn@globo.com,Male,140.56.28.78
493,Diana,Bradbrook,dbradbrookdo@sciencedirect.com,Female,144.69.107.17
494,Tara,Milley,tmilleydp@jalbum.net,Female,0.4.158.240
495,Gaspard,Girone,ggironedq@google.de,Male,222.88.222.167
496,Amil,Wigg,awiggdr@cafepress.com,Female,45.4.174.69
497,Joey,Mitchell,jmitchellds@examiner.com,Male,137.50.155.50
498,Doroteya,Stanwix,dstanwixdt@cyberchimps.com,Female,114.222.33.27
499,Alvina,Henke,ahenkedu@360.cn,Female,244.130.24.214
500,Raffaello,Trobey,rtrobeydv@ed.gov,Male,236.153.38.224
501,Selby,Shiliton,sshilitondw@taobao.com,Male,72.76.219.210
502,Aurelia,Huriche,ahurichedx@marketwatch.com,Female,250.239.127.27
503,Valdemar,Haggis,vhaggisdy@ameblo.jp,Male,91.30.101.43
504,Rubetta,Batchellor,rbatchellordz@indiegogo.com,Female,204.107.180.194
505,Niles,Arunowicz,narunowicze0@home.pl,Male,185.124.211.16
506,Carlotta,Burley,cburleye1@nps.gov,Female,80.59.137.84
507,Boonie,Mallen,bmallene2@goo.ne.jp,Male,61.206.157.21
508,Evin,Slemming,eslemminge3@sogou.com,Male,146.104.102.145
509,Thedrick,Kleynen,tkleynene4@gnu.org,Male,156.246.159.169
510,Maurits,Cleft,mclefte5@jugem.jp,Male,37.83.87.18
511,Jillayne,Stobbs,jstobbse6@ask.com,Female,57.183.245.114
512,Val,Huckle,vhucklee7@studiopress.com,Female,78.150.63.147
513,Hurleigh,Weddeburn - Scrimgeour,hweddeburnscrimgeoure8@woothemes.com,Male,212.145.114.236
514,Marsiella,Cornborough,mcornboroughe9@nydailynews.com,Female,102.62.140.135
515,Brandy,Bestar,bbestarea@flickr.com,Male,163.20.0.36
516,Bertina,McAlinden,bmcalindeneb@bing.com,Female,205.29.148.120
517,Rolando,Jandac,rjandacec@vinaora.com,Male,60.41.45.198
518,Denni,Baraclough,dbaracloughed@nps.gov,Female,150.162.185.80
519,Dud,Iglesiaz,diglesiazee@senate.gov,Male,252.27.167.87
520,Therine,Mahon,tmahonef@squidoo.com,Female,161.88.162.132
521,Devinne,Shorthill,dshorthilleg@photobucket.com,Female,39.69.241.62
522,Elmira,Thraves,ethraveseh@indiatimes.com,Female,217.73.211.55
523,Angil,Hymus,ahymusei@netscape.com,Female,54.98.94.107
524,Silvain,Paynes,spaynesej@biblegateway.com,Male,152.32.106.175
525,Tiler,Corinton,tcorintonek@parallels.com,Male,199.26.0.158
526,Chancey,Grinnikov,cgrinnikovel@mtv.com,Male,233.88.237.148
527,Nickey,Dodridge,ndodridgeem@reverbnation.com,Male,79.59.89.146
528,Hermon,Beccles,hbecclesen@msn.com,Male,163.90.4.249
529,Quint,Swancott,qswancotteo@nyu.edu,Male,48.240.143.63
530,Karlis,Goldspink,kgoldspinkep@washingtonpost.com,Male,106.10.171.93
531,Cordula,Theakston,ctheakstoneq@seattletimes.com,Female,56.88.192.2
532,Quinn,Ashbrook,qashbrooker@google.co.uk,Male,206.105.51.0
533,Vaclav,Birchett,vbirchettes@cam.ac.uk,Male,163.68.188.97
534,Lee,Heyfield,lheyfieldet@wsj.com,Male,214.89.224.99
535,Barny,Bothie,bbothieeu@webmd.com,Male,200.67.121.157
536,Caryl,Enochsson,cenochssonev@booking.com,Male,164.213.162.220
537,Tab,Leivesley,tleivesleyew@nps.gov,Male,5.109.44.155
538,Dru,Bewley,dbewleyex@indiegogo.com,Male,191.54.185.96
539,Lazare,Rohlf,lrohlfey@google.com.br,Male,106.205.101.31
540,Tani,Barrington,tbarringtonez@apache.org,Female,170.50.192.157
541,Ettore,Poynor,epoynorf0@vinaora.com,Male,242.5.59.223
542,Alan,Marrion,amarrionf1@joomla.org,Male,39.162.98.176
543,Portie,Gomer,pgomerf2@dailymail.co.uk,Male,149.196.188.62
544,Leslie,Olensby,lolensbyf3@blogger.com,Male,115.225.5.127
545,Archibaldo,McHaffy,amchaffyf4@sina.com.cn,Male,159.128.229.31
546,Siffre,Coit,scoitf5@eventbrite.com,Male,110.113.57.29
547,Eolanda,Deeney,edeeneyf6@dell.com,Female,91.48.158.74
548,Engelbert,Alman,ealmanf7@macromedia.com,Male,190.199.86.120
549,Christoper,Tellesson,ctellessonf8@wunderground.com,Male,28.175.59.165
550,Janette,Chatburn,jchatburnf9@qq.com,Female,205.9.42.254
551,Rorke,Bowton,rbowtonfa@goo.ne.jp,Male,62.253.69.184
552,Ogdan,Wallworth,owallworthfb@scientificamerican.com,Male,62.32.30.219
553,Rosene,Born,rbornfc@yellowpages.com,Female,227.25.167.242
554,Tory,Clows,tclowsfd@redcross.org,Female,206.249.49.189
555,Lolita,Zamorrano,lzamorranofe@godaddy.com,Female,176.62.62.221
556,Ronalda,Senechell,rsenechellff@wunderground.com,Female,123.57.40.54
557,Eudora,Lehrle,elehrlefg@sphinn.com,Female,43.128.113.61
558,Salli,Gooden,sgoodenfh@e-recht24.de,Female,52.64.237.193
559,Valentino,Pinshon,vpinshonfi@printfriendly.com,Male,27.55.162.43
560,Minnaminnie,Konerding,mkonerdingfj@paginegialle.it,Female,245.23.72.112
561,Petronia,Velti,pveltifk@loc.gov,Female,52.81.212.224
562,Standford,Whitelock,swhitelockfl@nasa.gov,Male,123.63.168.145
563,Aldus,Hembery,ahemberyfm@flavors.me,Male,142.40.66.142
564,Seamus,Easter,seasterfn@sina.com.cn,Male,6.30.57.22
565,Giffard,Woehler,gwoehlerfo@technorati.com,Male,39.161.197.244
566,Prentice,Wherrett,pwherrettfp@live.com,Male,128.130.253.162
567,Lynn,Gaggen,lgaggenfq@washington.edu,Female,210.75.205.30
568,Genvieve,Ferroli,gferrolifr@princeton.edu,Female,137.81.50.125
569,Bendix,Pues,bpuesfs@tumblr.com,Male,21.81.108.52
570,Stanislas,Ellingford,sellingfordft@instagram.com,Male,199.227.49.189
571,Bernetta,Heintzsch,bheintzschfu@shareasale.com,Female,216.146.246.248
572,Caddric,Hakewell,chakewellfv@weibo.com,Male,83.113.132.192
573,Horace,Mannagh,hmannaghfw@unc.edu,Male,178.7.73.102
574,Hammad,Emson,hemsonfx@usda.gov,Male,100.40.243.3
575,Krishnah,Crumley,kcrumleyfy@businessweek.com,Male,254.218.125.160
576,Genovera,Martland,gmartlandfz@statcounter.com,Female,110.87.219.97
577,Suzy,Vanyatin,svanyating0@forbes.com,Female,132.137.124.27
578,Kanya,Trimble,ktrimbleg1@si.edu,Female,93.178.125.151
579,Gracia,Greenhalgh,ggreenhalghg2@oracle.com,Female,90.241.18.71
580,Kikelia,Whetnell,kwhetnellg3@dailymail.co.uk,Female,252.72.50.139
581,Joey,Weddup,jweddupg4@ucsd.edu,Male,32.148.2.20
582,Garvy,Ebhardt,gebhardtg5@seattletimes.com,Male,110.103.7.61
583,Alix,Brittle,abrittleg6@amazon.co.jp,Female,43.158.189.125
584,Kiel,Voase,kvoaseg7@biglobe.ne.jp,Male,153.37.67.110
585,Kiri,Sarfati,ksarfatig8@domainmarket.com,Female,162.26.200.226
586,Pavlov,Richarson,pricharsong9@instagram.com,Male,12.49.97.32
587,Cornall,Morteo,cmorteoga@pagesperso-orange.fr,Male,88.102.80.54
588,Bucky,Ching,bchinggb@icio.us,Male,36.71.215.101
589,Zsa zsa,Placidi,zplacidigc@liveinternet.ru,Female,154.227.114.163
590,Corby,Wadley,cwadleygd@jimdo.com,Male,55.93.83.200
591,Peta,Bolderstone,pbolderstonege@dell.com,Female,206.82.169.254
592,Jeana,Bremmell,jbremmellgf@issuu.com,Female,211.236.100.205
593,Shannan,Cosbey,scosbeygg@wp.com,Male,229.95.179.13
594,Verla,Spratt,vsprattgh@prnewswire.com,Female,1.208.212.91
595,Sanders,Allmark,sallmarkgi@google.co.jp,Male,38.242.223.222
596,Maurie,Buttrey,mbuttreygj@usa.gov,Male,127.54.53.209
597,Eleonore,Rosenberger,erosenbergergk@reddit.com,Female,17.104.231.45
598,Beryle,Lukash,blukashgl@cisco.com,Female,26.124.243.123
599,Reidar,Hartgill,rhartgillgm@cnet.com,Male,77.243.198.123
600,Dill,Dowle,ddowlegn@1688.com,Male,16.61.42.149
601,Jerrie,Oades,joadesgo@techcrunch.com,Female,88.161.168.118
602,Eimile,Lafaye,elafayegp@com.com,Female,166.121.110.6
603,Lyn,Mahaddie,lmahaddiegq@about.me,Female,183.64.154.100
604,Gale,Jeckell,gjeckellgr@linkedin.com,Female,53.166.88.148
605,Patrick,Tomala,ptomalags@cnbc.com,Male,176.88.90.226
606,Jemie,Texton,jtextongt@timesonline.co.uk,Female,52.244.249.225
607,Candy,Dubose,cdubosegu@dot.gov,Female,102.182.203.218
608,Garth,Alison,galisongv@amazonaws.com,Male,124.215.136.48
609,Hermann,MacGowan,hmacgowangw@seesaa.net,Male,169.232.192.116
610,Stern,Gabala,sgabalagx@hhs.gov,Male,89.34.52.211
611,Megan,Karpenko,mkarpenkogy@addtoany.com,Female,78.34.125.213
612,Damian,Gerram,dgerramgz@cargocollective.com,Male,179.192.150.135
613,Lenna,Tomala,ltomalah0@newyorker.com,Female,130.226.119.202
614,Janifer,Mouth,jmouthh1@europa.eu,Female,39.159.47.104
615,Murdock,Bramall,mbramallh2@scribd.com,Male,187.3.253.192
616,Vassili,Fanner,vfannerh3@cbsnews.com,Male,229.32.72.67
617,Zackariah,Seignior,zseigniorh4@freewebs.com,Male,156.133.41.149
618,Ciel,Brozek,cbrozekh5@cloudflare.com,Female,14.29.254.63
619,Florina,Hanshaw,fhanshawh6@bluehost.com,Female,63.29.160.170
620,Dorry,Llorente,dllorenteh7@auda.org.au,Female,41.66.231.198
621,Hercules,Clayborn,hclaybornh8@biglobe.ne.jp,Male,42.61.202.199
622,Gussie,Gerardeaux,ggerardeauxh9@networksolutions.com,Female,43.33.153.232
623,Greggory,Lynde,glyndeha@quantcast.com,Male,177.104.137.219
624,Jo-anne,Moreinu,jmoreinuhb@ft.com,Female,92.196.78.164
625,Jamill,Greensted,jgreenstedhc@harvard.edu,Male,122.83.148.154
626,Alejandro,Olyunin,aolyuninhd@zdnet.com,Male,133.120.175.133
627,Corilla,Bolus,cbolushe@fda.gov,Female,250.109.141.17
628,Rene,Baldcock,rbaldcockhf@hugedomains.com,Female,206.244.65.87
629,Lulita,Quinlan,lquinlanhg@europa.eu,Female,177.243.83.219
630,Rudy,Batchelor,rbatchelorhh@joomla.org,Male,181.42.93.81
631,Raine,Janous,rjanoushi@google.com.br,Female,3.114.213.243
632,Fidelio,Maly,fmalyhj@mozilla.org,Male,191.34.125.207
633,Florina,Scathard,fscathardhk@alibaba.com,Female,161.9.72.243
634,Teodor,Hockey,thockeyhl@nytimes.com,Male,34.152.83.10
635,Teador,Goodbourn,tgoodbournhm@samsung.com,Male,106.203.110.83
636,Kinnie,Runchman,krunchmanhn@sbwire.com,Male,50.172.127.69
637,Piper,Spera,psperaho@youtube.com,Female,251.216.134.84
638,Ewart,Coldwell,ecoldwellhp@elegantthemes.com,Male,116.68.156.20
639,Donovan,Tate,dtatehq@tuttocitta.it,Male,99.203.104.188
640,Nissy,Roberson,nrobersonhr@blog.com,Female,46.60.178.240
641,Creight,Orneblow,corneblowhs@dmoz.org,Male,158.147.59.52
642,Demetre,Nisius,dnisiusht@sitemeter.com,Male,134.54.42.246
643,Sigismondo,Sprason,ssprasonhu@tuttocitta.it,Male,129.227.135.173
644,Leonhard,Leyson,lleysonhv@si.edu,Male,66.144.52.206
645,Sasha,Laytham,slaythamhw@devhub.com,Male,144.199.161.197
646,Read,Chitson,rchitsonhx@fastcompany.com,Male,5.135.10.165
647,Efrem,Yerrill,eyerrillhy@artisteer.com,Male,167.124.171.110
648,Lethia,Reape,lreapehz@symantec.com,Female,113.170.227.213
649,Alexina,Newgrosh,anewgroshi0@arstechnica.com,Female,143.242.57.170
650,Jackie,Haggett,jhaggetti1@reverbnation.com,Male,180.114.3.56
651,Craggie,Bessey,cbesseyi2@slashdot.org,Male,200.88.185.103
652,Chev,Graveson,cgravesoni3@chron.com,Male,173.40.123.233
653,Maddy,Spratling,mspratlingi4@yahoo.co.jp,Male,13.249.244.61
654,Rois,Metherell,rmetherelli5@pen.io,Female,134.164.142.42
655,Marcus,Daye,mdayei6@pagesperso-orange.fr,Male,63.190.65.208
656,Keefer,Hillhouse,khillhousei7@networksolutions.com,Male,166.197.187.152
657,Marney,Burney,mburneyi8@loc.gov,Female,212.215.161.107
658,Tynan,Dack,tdacki9@sphinn.com,Male,154.246.96.17
659,Natassia,Dodshon,ndodshonia@webnode.com,Female,96.234.137.90
660,Sissie,Thursfield,sthursfieldib@wired.com,Female,24.145.199.237
661,Padraig,Harrhy,pharrhyic@bloglines.com,Male,242.224.133.59
662,Chauncey,Lage,clageid@amazonaws.com,Male,78.132.98.76
663,Clair,Haggath,chaggathie@fc2.com,Male,22.202.241.185
664,Welsh,Stobart,wstobartif@cornell.edu,Male,74.1.225.128
665,Sondra,Bille,sbilleig@github.com,Female,64.211.16.118
666,Cathleen,Osgorby,cosgorbyih@deviantart.com,Female,53.228.169.81
667,Jacquenette,Willshear,jwillshearii@wp.com,Female,170.136.83.199
668,Vivia,Kilbey,vkilbeyij@businesswire.com,Female,37.105.251.143
669,Jaquelin,Cobden,jcobdenik@google.co.uk,Female,71.103.156.235
670,Bethena,Stivens,bstivensil@studiopress.com,Female,203.122.115.145
671,Prue,Grishinov,pgrishinovim@list-manage.com,Female,57.97.51.18
672,Web,Goodluck,wgoodluckin@ox.ac.uk,Male,3.70.17.140
673,Vernice,Mattacks,vmattacksio@prweb.com,Female,159.84.239.88
674,Reena,Renak,rrenakip@microsoft.com,Female,237.254.197.207
675,Christye,Driffill,cdriffilliq@gravatar.com,Female,17.254.237.133
676,Minny,Rameaux,mrameauxir@cafepress.com,Female,197.152.27.87
677,Rivkah,Pigeram,rpigeramis@homestead.com,Female,249.151.112.245
678,Sybyl,Glover,sgloverit@cpanel.net,Female,247.46.63.21
679,Ariela,Kenealy,akenealyiu@guardian.co.uk,Female,3.80.14.77
680,Reade,Tschersich,rtschersichiv@ezinearticles.com,Male,206.167.179.71
681,Karlene,Kestian,kkestianiw@squidoo.com,Female,90.33.164.107
682,Tootsie,Paulack,tpaulackix@hatena.ne.jp,Female,115.93.230.175
683,Shandeigh,Kippin,skippiniy@mit.edu,Female,127.13.194.18
684,Lorelei,Momery,lmomeryiz@gravatar.com,Female,220.184.99.163
685,Pebrook,Holworth,pholworthj0@goo.ne.jp,Male,131.114.172.146
686,Shaw,Hocking,shockingj1@answers.com,Male,81.237.219.147
687,Ezra,Jennick,ejennickj2@archive.org,Male,97.118.220.75
688,Clarine,Phaup,cphaupj3@ycombinator.com,Female,172.31.81.22
689,Whitney,Alflatt,walflattj4@hud.gov,Male,252.179.204.28
690,Ramonda,Deluze,rdeluzej5@paypal.com,Female,108.128.106.183
691,Worden,Brandino,wbrandinoj6@cnbc.com,Male,3.85.206.215
692,Kalvin,Davisson,kdavissonj7@prnewswire.com,Male,76.25.128.244
693,Hana,Milmore,hmilmorej8@artisteer.com,Female,86.26.49.121
694,Prinz,Sea,pseaj9@technorati.com,Male,29.162.50.65
695,Marget,Bracey,mbraceyja@youtu.be,Female,68.120.157.116
696,Chan,McCaughen,cmccaughenjb@dyndns.org,Male,124.98.180.169
697,Amie,Dahmel,adahmeljc@networkadvertising.org,Female,242.140.161.6
698,Pietra,Bennet,pbennetjd@baidu.com,Female,118.242.126.209
699,Kale,Aguilar,kaguilarje@techcrunch.com,Male,1.9.171.115
700,Boycey,Wessel,bwesseljf@freewebs.com,Male,205.38.188.182
701,Jo,Letty,jlettyjg@mail.ru,Male,216.34.221.232
702,Delila,Cuncarr,dcuncarrjh@so-net.ne.jp,Female,33.129.3.39
703,Charmaine,Sansum,csansumji@posterous.com,Female,85.121.191.237
704,Derwin,Sappson,dsappsonjj@privacy.gov.au,Male,217.60.182.141
705,Beau,Witherbed,bwitherbedjk@github.com,Male,41.230.173.189
706,Heidi,Fredy,hfredyjl@weibo.com,Female,135.250.178.233
707,Lorne,Moreinu,lmoreinujm@dailymotion.com,Male,74.32.214.216
708,Anastasia,Labon,alabonjn@networkadvertising.org,Female,213.122.1.41
709,Stanfield,Droogan,sdrooganjo@nyu.edu,Male,42.35.221.250
710,Ritchie,Minigo,rminigojp@google.com,Male,148.100.71.202
711,Myrtle,Gannicott,mgannicottjq@pbs.org,Female,96.83.86.44
712,Boniface,Spadoni,bspadonijr@go.com,Male,249.62.25.154
713,Sophi,Shoebottom,sshoebottomjs@wisc.edu,Female,80.65.86.164
714,Jimmie,Howes,jhowesjt@nyu.edu,Male,51.184.253.50
715,Anallese,Rishman,arishmanju@nih.gov,Female,237.166.65.213
716,Koral,Prophet,kprophetjv@ning.com,Female,154.107.247.26
717,Alvina,Gilleon,agilleonjw@nytimes.com,Female,166.106.187.160
718,Decca,Staniford,dstanifordjx@aboutads.info,Male,21.3.105.31
719,Odette,Lettington,olettingtonjy@omniture.com,Female,22.68.47.20
720,Elisabet,Chaston,echastonjz@yahoo.co.jp,Female,20.239.99.232
721,Paten,Vasilevich,pvasilevichk0@wikia.com,Male,173.123.191.29
722,Jannel,Ronan,jronank1@walmart.com,Female,229.75.201.39
723,Lorianna,Patty,lpattyk2@fotki.com,Female,164.117.227.254
724,Kendrick,Scorer,kscorerk3@chicagotribune.com,Male,178.27.165.69
725,Nevsa,Lindsley,nlindsleyk4@topsy.com,Female,0.16.249.115
726,Claudetta,Dunks,cdunksk5@symantec.com,Female,24.181.203.138
727,Flore,Sheavills,fsheavillsk6@tuttocitta.it,Female,41.47.97.244
728,Jaymee,Swynley,jswynleyk7@oaic.gov.au,Female,163.11.89.154
729,Carola,Langstaff,clangstaffk8@dailymail.co.uk,Female,91.142.228.151
730,Dulcea,Darnborough,ddarnboroughk9@google.ru,Female,166.27.236.27
731,Jacquette,Kynson,jkynsonka@shutterfly.com,Female,93.79.239.135
732,Nissy,Copes,ncopeskb@soundcloud.com,Female,20.157.106.199
733,Mei,MacAdie,mmacadiekc@nba.com,Female,157.0.32.149
734,Damaris,Fuxman,dfuxmankd@gov.uk,Female,138.136.252.163
735,Mischa,Abramovic,mabramovicke@hhs.gov,Male,237.186.115.131
736,Iona,Babin,ibabinkf@nyu.edu,Female,242.144.196.184
737,Ebonee,Houchin,ehouchinkg@harvard.edu,Female,62.240.234.54
738,Kermy,Wauchope,kwauchopekh@wired.com,Male,74.18.199.179
739,Harmon,Stormont,hstormontki@technorati.com,Male,21.99.23.4
740,Roanne,Say,rsaykj@reference.com,Female,167.200.120.0
741,Phelia,Gason,pgasonkk@1688.com,Female,47.124.5.39
742,Staford,Niset,snisetkl@comsenz.com,Male,85.7.123.103
743,Kean,Yerborn,kyerbornkm@telegraph.co.uk,Male,189.139.224.167
744,Tessa,Warlowe,twarlowekn@blog.com,Female,11.229.226.162
745,Joshuah,Shrimpling,jshrimplingko@over-blog.com,Male,156.114.129.183
746,Pryce,Durtnal,pdurtnalkp@uiuc.edu,Male,113.201.40.172
747,Cortie,Granger,cgrangerkq@reuters.com,Male,203.110.19.198
748,Sheelah,Reisin,sreisinkr@boston.com,Female,195.230.108.220
749,Johnathon,Kitt,jkittks@typepad.com,Male,173.224.49.98
750,Edlin,Kohter,ekohterkt@yellowpages.com,Male,162.181.154.102
751,Cary,Mumbeson,cmumbesonku@squarespace.com,Male,35.47.53.67
752,Tore,Murphey,tmurpheykv@nba.com,Male,151.56.215.210
753,Ola,Brixey,obrixeykw@noaa.gov,Female,248.124.66.17
754,Sim,Bottoms,sbottomskx@state.gov,Male,195.246.29.179
755,Brockie,Brotherton,bbrothertonky@phpbb.com,Male,205.169.132.178
756,Ophelia,Wraxall,owraxallkz@moonfruit.com,Female,117.0.253.11
757,Davy,Tatam,dtataml0@jugem.jp,Male,91.30.216.252
758,Andre,Ellerey,aellereyl1@patch.com,Male,179.10.106.246
759,Brannon,Feak,bfeakl2@businessinsider.com,Male,58.154.103.66
760,Lowrance,O'Calleran,localleranl3@skyrock.com,Male,59.21.78.138
761,Julieta,Durant,jdurantl4@google.co.uk,Female,230.22.29.34
762,Simona,Beinisch,sbeinischl5@hatena.ne.jp,Female,165.127.205.65
763,Anatole,Drivers,adriversl6@squidoo.com,Male,36.57.130.12
764,Madge,Cona,mconal7@cbc.ca,Female,249.18.240.78
765,Denys,Bennetts,dbennettsl8@paypal.com,Male,21.87.11.99
766,Hakim,Swannick,hswannickl9@drupal.org,Male,32.51.96.214
767,Orion,Robion,orobionla@usatoday.com,Male,176.38.225.6
768,Kelley,Perchard,kperchardlb@craigslist.org,Female,172.230.100.112
769,Worth,Willford,wwillfordlc@eventbrite.com,Male,53.204.117.48
770,Concordia,Higgoe,chiggoeld@histats.com,Female,7.73.11.224
771,Alwin,Trevorrow,atrevorrowle@parallels.com,Male,70.99.152.243
772,Brunhilde,Blamphin,bblamphinlf@youku.com,Female,89.39.39.68
773,Manfred,Mehew,mmehewlg@pagesperso-orange.fr,Male,47.204.127.76
774,Sullivan,Georgel,sgeorgellh@google.es,Male,43.208.242.170
775,Paulo,Kollatsch,pkollatschli@goo.gl,Male,82.111.231.219
776,Loren,Drabble,ldrabblelj@tumblr.com,Male,252.193.15.181
777,Roch,Armit,rarmitlk@msu.edu,Female,213.162.56.83
778,Olivette,Garter,ogarterll@house.gov,Female,222.226.145.234
779,Martyn,Speere,mspeerelm@vkontakte.ru,Male,183.180.89.211
780,Celesta,Brunke,cbrunkeln@ft.com,Female,164.79.104.154
781,Barnie,Capoun,bcapounlo@prlog.org,Male,45.90.112.125
782,Norton,Eason,neasonlp@amazon.com,Male,247.172.120.37
783,Mervin,Edge,medgelq@eepurl.com,Male,111.152.102.211
784,Darill,Beesey,dbeeseylr@studiopress.com,Male,93.87.77.220
785,Rici,Jumont,rjumontls@tuttocitta.it,Female,79.207.255.126
786,Arnoldo,Stackbridge,astackbridgelt@answers.com,Male,108.52.60.149
787,Terri,Maggorini,tmaggorinilu@un.org,Male,0.228.49.184
788,Hedvige,Ellissen,hellissenlv@webeden.co.uk,Female,0.3.148.203
789,Belva,Fortnam,bfortnamlw@mail.ru,Female,255.11.139.53
790,Nicholle,Gagan,ngaganlx@nyu.edu,Female,198.20.48.44
791,Davin,Vanderson,dvandersonly@zimbio.com,Male,197.217.243.89
792,Halli,Condie,hcondielz@house.gov,Female,253.99.222.194
793,Monro,Lyal,mlyalm0@dailymotion.com,Male,31.177.135.51
794,Leola,Cuniffe,lcuniffem1@usatoday.com,Female,220.97.104.157
795,Ellary,Tallet,etalletm2@wikia.com,Male,87.16.222.30
796,Sigismondo,Cherrie,scherriem3@homestead.com,Male,84.171.6.21
797,Steffi,Manklow,smanklowm4@admin.ch,Female,111.132.196.33
798,Sally,Andras,sandrasm5@bizjournals.com,Female,102.163.35.167
799,Samson,Matzkaitis,smatzkaitism6@paginegialle.it,Male,232.210.230.53
800,Karlyn,Glennie,kglenniem7@hhs.gov,Female,25.15.180.129
801,Florina,Kobke,fkobkem8@ucoz.com,Female,240.227.208.243
802,Carney,Escudier,cescudierm9@homestead.com,Male,227.141.135.129
803,Bentlee,Herrema,bherremama@tiny.cc,Male,60.164.202.219
804,Dene,Kinton,dkintonmb@ed.gov,Male,122.195.5.178
805,Levi,Kilgrove,lkilgrovemc@amazon.de,Male,114.189.155.233
806,Edvard,Fayne,efaynemd@soundcloud.com,Male,17.211.167.108
807,Maryanna,Leathard,mleathardme@prnewswire.com,Female,71.33.25.21
808,Crichton,Fetherstan,cfetherstanmf@macromedia.com,Male,132.61.157.193
809,Tabby,Dearle-Palser,tdearlepalsermg@hp.com,Female,134.227.96.249
810,Uriel,Cohalan,ucohalanmh@blogtalkradio.com,Male,64.118.139.216
811,Beulah,Kleynermans,bkleynermansmi@photobucket.com,Female,142.132.233.166
812,Carmencita,Sowle,csowlemj@ucoz.ru,Female,136.13.215.122
813,Teodoor,Lengthorn,tlengthornmk@mediafire.com,Male,50.92.103.10
814,Morris,Sandlin,msandlinml@nyu.edu,Male,73.112.13.129
815,Aimee,Wells,awellsmm@cnbc.com,Female,28.245.212.210
816,Bambie,Essex,bessexmn@wix.com,Female,185.167.58.204
817,Fraze,Saunder,fsaundermo@va.gov,Male,211.196.187.64
818,Addie,Serfati,aserfatimp@ask.com,Male,90.250.111.255
819,Sabrina,Spiring,sspiringmq@google.nl,Female,180.205.110.84
820,Lock,Cheesley,lcheesleymr@cargocollective.com,Male,92.62.66.24
821,Mandie,Boreham,mborehamms@house.gov,Female,243.68.184.24
822,Manuel,Brunet,mbrunetmt@posterous.com,Male,96.21.50.199
823,Rozamond,Cofax,rcofaxmu@vimeo.com,Female,66.187.6.145
824,Fawn,Abramski,fabramskimv@cbc.ca,Female,75.70.87.132
825,Lew,MacMarcuis,lmacmarcuismw@yale.edu,Male,54.114.105.209
826,Lorita,Smeuin,lsmeuinmx@360.cn,Female,77.36.129.239
827,Merridie,Legat,mlegatmy@utexas.edu,Female,203.151.99.105
828,Robby,Lilian,rlilianmz@aboutads.info,Male,118.28.242.38
829,Keith,Gerren,kgerrenn0@weibo.com,Male,173.106.81.246
830,Marleen,Rochewell,mrochewelln1@apple.com,Female,103.0.106.137
831,Carie,Cradduck,ccradduckn2@webs.com,Female,92.236.156.248
832,Skippie,Stileman,sstilemann3@columbia.edu,Male,236.215.127.139
833,Isis,Ilyinski,iilyinskin4@ebay.com,Female,204.135.115.77
834,Winn,Grant,wgrantn5@godaddy.com,Male,3.28.67.157
835,Isadore,Stranahan,istranahann6@seesaa.net,Male,178.96.32.104
836,Nefen,Capps,ncappsn7@si.edu,Male,203.85.41.44
837,Callie,Ottiwill,cottiwilln8@wisc.edu,Female,114.19.215.66
838,Dewain,Luety,dluetyn9@exblog.jp,Male,214.255.176.253
839,Jack,De Biasi,jdebiasina@nhs.uk,Male,128.168.121.52
840,Cindee,Freezor,cfreezornb@tmall.com,Female,245.21.171.177
841,Lonny,Tue,ltuenc@adobe.com,Male,139.105.66.119
842,Hamid,Mountstephen,hmountstephennd@indiegogo.com,Male,196.233.247.248
843,Moira,Currey,mcurreyne@1688.com,Female,80.169.212.249
844,Mead,Baxter,mbaxternf@cdbaby.com,Female,243.210.160.54
845,Kari,Manske,kmanskeng@ox.ac.uk,Female,157.153.31.139
846,Milzie,Osmund,mosmundnh@usgs.gov,Female,94.25.233.167
847,Jarrad,Fearey,jfeareyni@php.net,Male,206.51.60.211
848,Sibyl,Plett,splettnj@apple.com,Female,147.212.115.175
849,Ebenezer,D'Ambrogi,edambrogink@springer.com,Male,66.116.197.138
850,Denis,Courtman,dcourtmannl@weather.com,Male,59.8.44.95
851,Dimitri,Macbeth,dmacbethnm@dagondesign.com,Male,117.148.68.133
852,Constancy,Maneylaws,cmaneylawsnn@smh.com.au,Female,162.143.195.4
853,Olly,Sitlinton,ositlintonno@csmonitor.com,Female,128.67.129.205
854,Kirstyn,Ramos,kramosnp@xrea.com,Female,41.157.159.204
855,Mavra,Matzel,mmatzelnq@google.cn,Female,239.169.237.223
856,Gaylene,Crosskell,gcrosskellnr@twitpic.com,Female,123.150.107.33
857,Barney,Howitt,bhowittns@ucsd.edu,Male,212.27.63.34
858,Arel,Carlett,acarlettnt@wp.com,Male,253.9.142.175
859,Webb,Anersen,wanersennu@gnu.org,Male,255.244.186.95
860,Xever,Meak,xmeaknv@hexun.com,Male,2.213.252.228
861,Gothart,Hebblewhite,ghebblewhitenw@wordpress.org,Male,132.140.89.239
862,Zacherie,Lineker,zlinekernx@prlog.org,Male,208.230.102.209
863,Ashla,Hardan,ahardanny@simplemachines.org,Female,229.110.176.129
864,Kare,Rogan,krogannz@github.io,Female,183.175.202.129
865,Eddy,Thridgould,ethridgouldo0@goo.ne.jp,Female,29.206.115.89
866,Lyndsay,Knott,lknotto1@163.com,Female,74.152.97.12
867,Neely,Doidge,ndoidgeo2@intel.com,Female,11.108.115.199
868,Christos,Gherardini,cgherardinio3@hubpages.com,Male,39.232.52.24
869,Baxy,Frail,bfrailo4@yale.edu,Male,109.136.47.238
870,Devin,Drexel,ddrexelo5@cafepress.com,Female,209.122.167.199
871,Carolin,Noone,cnooneo6@opensource.org,Female,248.234.7.192
872,Kylynn,Gask,kgasko7@google.cn,Female,59.168.43.180
873,Gino,Darycott,gdarycotto8@bigcartel.com,Male,127.29.94.11
874,Nevil,Enocksson,nenockssono9@blogspot.com,Male,39.58.32.56
875,Bar,Cantillion,bcantillionoa@ftc.gov,Male,246.220.242.255
876,Killy,Edmondson,kedmondsonob@howstuffworks.com,Male,8.73.114.2
877,Hobey,Petruk,hpetrukoc@quantcast.com,Male,73.165.199.254
878,Milt,Birt,mbirtod@mac.com,Male,56.11.160.41
879,Hansiain,Cutcliffe,hcutcliffeoe@china.com.cn,Male,115.29.102.5
880,Ileana,Hattigan,ihattiganof@blinklist.com,Female,154.80.203.61
881,Garik,Blaszczyk,gblaszczykog@blogspot.com,Male,197.107.32.223
882,Alaric,Kelwick,akelwickoh@tinypic.com,Male,236.12.110.91
883,Candra,Hadwick,chadwickoi@weibo.com,Female,242.55.96.133
884,Millard,Danford,mdanfordoj@alibaba.com,Male,69.51.33.164
885,Wolf,Duffill,wduffillok@wired.com,Male,230.145.250.84
886,Sollie,Di Francesco,sdifrancescool@dagondesign.com,Male,133.202.34.25
887,Rani,Gheeorghie,rgheeorghieom@blog.com,Female,58.20.137.20
888,Kerry,Larham,klarhamon@usda.gov,Female,24.24.244.67
889,Irena,Fencott,ifencottoo@devhub.com,Female,95.101.112.63
890,Harlin,Bodycomb,hbodycombop@google.com.au,Male,211.52.114.123
891,Cheryl,Drust,cdrustoq@1688.com,Female,96.0.12.249
892,Belicia,Exton,bextonor@cafepress.com,Female,82.137.2.122
893,Cris,Newham,cnewhamos@wired.com,Male,80.188.95.241
894,Eddie,Dallaghan,edallaghanot@netlog.com,Male,166.41.67.209
895,Ancell,Cleynaert,acleynaertou@jalbum.net,Male,15.147.15.49
896,Dion,Snoad,dsnoadov@ucsd.edu,Female,65.135.249.111
897,Ramonda,Jepson,rjepsonow@pagesperso-orange.fr,Female,251.216.84.100
898,Lyndy,Hiscocks,lhiscocksox@cafepress.com,Female,45.165.234.253
899,Piper,Paton,ppatonoy@google.pl,Female,33.213.108.33
900,Ricky,Lydster,rlydsteroz@latimes.com,Male,164.216.216.217
901,Peyter,Royans,proyansp0@archive.org,Male,181.70.17.146
902,Armand,Itskovitz,aitskovitzp1@alibaba.com,Male,105.235.91.133
903,See,Biles,sbilesp2@ibm.com,Male,216.184.224.23
904,My,Woodman,mwoodmanp3@uiuc.edu,Male,96.51.170.119
905,Toinette,Clutheram,tclutheramp4@japanpost.jp,Female,210.203.159.104
906,Florentia,Saleway,fsalewayp5@instagram.com,Female,9.157.49.251
907,Glynis,Titchard,gtitchardp6@senate.gov,Female,220.24.163.132
908,Desi,Fermoy,dfermoyp7@umich.edu,Male,96.83.56.192
909,Ara,Farlamb,afarlambp8@yale.edu,Female,13.229.197.244
910,Karena,Beurich,kbeurichp9@mapquest.com,Female,85.80.235.152
911,Farris,Vasyunkin,fvasyunkinpa@economist.com,Male,183.42.171.208
912,Ev,Yabsley,eyabsleypb@shop-pro.jp,Male,81.15.12.116
913,Terrance,Henriksson,thenrikssonpc@boston.com,Male,206.178.72.120
914,Marinna,Clementel,mclementelpd@ycombinator.com,Female,134.33.122.39
915,Haily,Mulvin,hmulvinpe@eepurl.com,Male,81.248.16.223
916,Elle,Ouldcott,eouldcottpf@printfriendly.com,Female,181.10.244.67
917,Ansley,Shadwick,ashadwickpg@xing.com,Female,232.150.95.120
918,Harrison,Stife,hstifeph@jiathis.com,Male,11.39.38.38
919,Edgar,Brittan,ebrittanpi@mozilla.com,Male,88.187.213.25
920,Gamaliel,Ceschini,gceschinipj@1688.com,Male,76.102.233.6
921,Demetria,Raiman,draimanpk@theglobeandmail.com,Female,39.173.114.93
922,Alina,Gamage,agamagepl@shareasale.com,Female,193.78.3.73
923,Shurwood,Chatel,schatelpm@oracle.com,Male,13.13.149.19
924,Emanuele,Tomasik,etomasikpn@360.cn,Male,60.30.242.10
925,Ivan,Farrar,ifarrarpo@alibaba.com,Male,130.136.147.220
926,Otto,Aleksic,oaleksicpp@intel.com,Male,141.93.122.146
927,Nanon,Rollitt,nrollittpq@engadget.com,Female,2.181.150.69
928,Christy,Thaine,cthainepr@indiegogo.com,Female,240.197.52.240
929,Sophronia,Scola,sscolaps@chron.com,Female,253.27.49.22
930,Francesco,Threadgill,fthreadgillpt@naver.com,Male,21.133.247.123
931,Cynthia,McTerrelly,cmcterrellypu@bizjournals.com,Female,139.126.184.3
932,Colas,Dibb,cdibbpv@histats.com,Male,72.52.246.228
933,Frasco,Curnokk,fcurnokkpw@ask.com,Male,47.41.33.150
934,Werner,Mulles,wmullespx@ucoz.ru,Male,107.105.4.173
935,Hanson,Lovelace,hlovelacepy@howstuffworks.com,Male,221.174.74.99
936,Bertie,Tynnan,btynnanpz@instagram.com,Male,111.227.28.122
937,Wells,Dobrowolny,wdobrowolnyq0@scribd.com,Male,45.47.124.22
938,Lombard,O'Riordan,loriordanq1@tmall.com,Male,66.231.16.221
939,Glory,Giacubo,ggiacuboq2@freewebs.com,Female,87.195.152.245
940,Valentin,Mizen,vmizenq3@jigsy.com,Male,132.194.71.95
941,Gerek,Magarrell,gmagarrellq4@jimdo.com,Male,32.157.50.86
942,Lemmie,McElvine,lmcelvineq5@sphinn.com,Male,61.230.166.121
943,Reinaldos,Farnes,rfarnesq6@i2i.jp,Male,205.251.138.26
944,Trenton,Harsum,tharsumq7@google.com,Male,60.33.163.32
945,Boigie,Blackburne,bblackburneq8@fc2.com,Male,162.17.170.154
946,Vanni,Blaxall,vblaxallq9@examiner.com,Female,116.120.170.16
947,Prudy,Neilly,pneillyqa@senate.gov,Female,209.168.164.136
948,Edik,Sigward,esigwardqb@nationalgeographic.com,Male,213.80.204.154
949,Dolf,Ackroyd,dackroydqc@hatena.ne.jp,Male,34.194.144.39
950,Edgar,Boaler,eboalerqd@feedburner.com,Male,108.135.40.171
951,Lira,O'Dea,lodeaqe@wix.com,Female,17.166.229.90
952,Putnam,Antognetti,pantognettiqf@domainmarket.com,Male,1.106.51.175
953,Carina,Harnes,charnesqg@blogtalkradio.com,Female,69.8.250.74
954,Debbie,McPake,dmcpakeqh@archive.org,Female,72.214.53.180
955,Andree,Filler,afillerqi@webmd.com,Female,42.123.61.220
956,Chandler,Kenright,ckenrightqj@sitemeter.com,Male,158.66.159.205
957,Christan,McAless,cmcalessqk@nymag.com,Female,134.95.178.218
958,Merci,Hellen,mhellenql@woothemes.com,Female,185.216.180.131
959,Fleming,Gething,fgethingqm@answers.com,Male,81.188.188.57
960,Olivero,Battleson,obattlesonqn@livejournal.com,Male,186.240.7.230
961,Edlin,Sill,esillqo@sohu.com,Male,191.0.114.66
962,Ralf,Burston,rburstonqp@topsy.com,Male,181.234.83.84
963,Isabel,Ironmonger,iironmongerqq@dailymotion.com,Female,169.187.239.95
964,Trish,Joyes,tjoyesqr@slideshare.net,Female,208.183.126.141
965,Chaddie,Boig,cboigqs@amazon.co.jp,Male,6.97.86.69
966,Odie,Vasilyevski,ovasilyevskiqt@friendfeed.com,Male,107.77.72.50
967,Trisha,Rhubottom,trhubottomqu@google.es,Female,70.78.163.184
968,Angeli,Nugent,anugentqv@webs.com,Male,12.182.207.230
969,Clerc,Print,cprintqw@un.org,Male,174.44.55.2
970,Lincoln,Linney,llinneyqx@google.pl,Male,237.244.190.66
971,Way,Abrashkin,wabrashkinqy@hugedomains.com,Male,54.224.156.145
972,Gracie,Ibarra,gibarraqz@google.de,Female,104.51.177.241
973,Erasmus,Elloway,eellowayr0@cyberchimps.com,Male,130.52.186.141
974,Leopold,Bettenson,lbettensonr1@creativecommons.org,Male,245.131.226.169
975,Red,Niland,rnilandr2@edublogs.org,Male,116.138.175.187
976,Oswell,Ledwich,oledwichr3@microsoft.com,Male,19.27.30.139
977,Marline,Vautrey,mvautreyr4@businesswire.com,Female,68.154.62.28
978,Lothaire,Dyble,ldybler5@yellowpages.com,Male,237.197.8.144
979,Cathie,Hammelberg,chammelbergr6@joomla.org,Female,94.162.37.227
980,Erhart,Dring,edringr7@feedburner.com,Male,102.101.76.89
981,Joseito,Holcroft,jholcroftr8@vkontakte.ru,Male,243.206.196.201
982,Kiel,O'Reilly,koreillyr9@instagram.com,Male,189.165.87.198
983,Shalne,Chewter,schewterra@latimes.com,Female,90.65.229.78
984,Garrott,Morris,gmorrisrb@addtoany.com,Male,202.112.246.98
985,Roth,Sibille,rsibillerc@smh.com.au,Male,206.71.192.103
986,Pablo,Skarr,pskarrrd@nytimes.com,Male,237.1.57.133
987,Lucias,Hume,lhumere@economist.com,Male,51.229.132.88
988,Rosanna,Sheahan,rsheahanrf@si.edu,Female,127.128.197.14
989,Fredericka,Comer,fcomerrg@state.gov,Female,129.120.81.180
990,Myca,Dowyer,mdowyerrh@51.la,Male,131.69.23.22
991,Mufi,Dewett,mdewettri@sitemeter.com,Female,77.233.148.40
992,Raquela,Whittlesea,rwhittlesearj@weebly.com,Female,133.32.224.114
993,Sharyl,Issard,sissardrk@phoca.cz,Female,37.93.249.251
994,Kial,Peddel,kpeddelrl@discuz.net,Female,60.245.106.57
995,Tabb,Wraighte,twraighterm@utexas.edu,Male,32.111.148.207
996,Taber,Eldon,teldonrn@salon.com,Male,151.136.219.38
997,Durant,Terbrug,dterbrugro@boston.com,Male,198.43.224.80
998,Bili,Knellen,bknellenrp@squarespace.com,Female,193.85.140.174
999,Sunny,Mallett,smallettrq@addtoany.com,Male,164.228.90.252
1000,Katharyn,Stolz,kstolzrr@youtube.com,Female,27.170.135.125
